<?xml version="1.0" encoding="ISO-8859-15"?>
<uc-export clientvers="12.0.3+low.build.1581359227490">
<DOCU name="PCK.AUTOMIC_F5_BIGIP.PUB.DOC">
<HEADER state="1">
<Title/>
<ArchiveKey1/>
<ArchiveKey2/>
<OH_SubType/>
</HEADER>
<DOCU_Docu state="1" type="text">
<DOC><![CDATA[F5 BigIP Local Traffic Manager Actions using the iControl libraries offered by F5.

=Supported versions=

See http://docs.automic.com/compatibility?len=Package.F5.BIGIP&comp=PCK.AUTOMIC_F5_BIGIP&version=1.0.1]]></DOC>
</DOCU_Docu>
</DOCU>
</uc-export>